lat,lon,ndvi,water,elev,lat_next,lon_next
10.251855881062067,30.92154305481604,0.4552038745246575,0.6073245071285749,0.8349243032124639,10.253629106679856,30.92331628043383
11.713422309641029,25.597841407142262,0.3685048141846181,0.18578317344808726,0.22996286460718718,11.655701589822762,25.54012068732399
5.848532716719196,31.568636628199393,0.11023576171898253,0.33826943035290225,0.9510364053820005,5.754406812098282,31.47451072357848
8.41599579745359,29.611606197527774,0.9237626315762661,0.15208615143416349,0.9852019582714295,8.465956938912258,29.661567338986444
6.310966122115684,25.532798408060867,0.5197985349420389,0.3222736709553583,0.06892300028643372,6.297153196199628,25.51898548214481
9.850357621310685,24.765008765556274,0.43103794096375037,0.73778799396449,0.3502980580460552,9.860344008899885,24.774995153145476
7.737913027914184,33.65739248181654,0.4188077407204023,0.9016614269229137,0.9651501539681003,7.761840718750555,33.68132017265291
10.294977308018693,31.4793727833944,0.38879227281112705,0.8893817998507778,0.3147897253117419,10.311673942565996,31.4960694179417
8.841713476404397,34.78278411153129,0.5699035682684231,0.8012633612589714,0.6565056580016411,8.885820526183979,34.826891161310876
7.658092870256439,30.494475090289647,0.3708034935940072,0.5748145439941746,0.916398549287464,7.639735023374658,30.476117243407867
6.219286612638534,28.73025978943013,0.2918953130786538,0.5868266185972169,0.054505758604943,6.186348337113987,28.69732151390558
6.221734412613391,27.451187547433566,0.6374017032494443,0.5169475826528762,0.28158002377779356,6.250909511528567,27.48036264634874
6.62257671225932,28.91585503704037,0.6025774378402617,0.7977670830889854,0.8275728689023054,6.672868908136271,28.96614723291732
6.323666493365801,25.090552195214407,0.6957703975631759,0.35508724722175156,0.3259103388954052,6.348329297600611,25.11521499944922
5.547525755732115,27.72160945729844,0.8605542112429262,0.39802367087879953,0.263511132071514,5.6094389650685805,27.783522666634905
11.266999059977604,33.22822370695276,0.2553818398066179,0.4319262526266687,0.16586489565219242,11.211268053201595,33.17249270017675
11.606706775205026,24.0928721920487,0.7085110809421196,0.9407677112419413,0.9585242421478298,11.692485762517645,24.178651179361314
5.215403059345818,26.949555396382696,0.8534764433787506,0.751694296359995,0.05383208572332665,5.311267777657568,27.045420114694444
7.550461302464227,33.29952534030615,0.9438107544955385,0.599998944358798,0.3053552162385026,7.649223347799214,33.39828738564113
4.612907554563639,33.61598098976155,0.5464974464789628,0.4709021073057351,0.5308715082660187,4.6192972545900055,33.62237068978792
4.398351360313594,33.70638781204792,0.4267131149836375,0.4986746217301582,0.4181909533745155,4.383561445483337,33.69159789721766
10.087980941394811,30.384411045937703,0.26904537333771306,0.8658365457683874,0.9063357828950019,10.078373670639193,30.374803775182084
6.343791427077758,33.1336325585897,0.069917580917355,0.4823203449661855,0.05389258292110022,6.256006977757847,33.04584810926979
5.462414141756782,26.29101925380961,0.12349436217007859,0.24405036924137669,0.07397991046674768,5.361518051114936,26.190123163167762
8.55459095341956,31.281383904751266,0.15631918054707483,0.8184467976388642,0.7245348955901182,8.51769946929286,31.244492420624567
9.26634237537366,27.9980631764803,0.20937905832018489,0.19434481674616555,0.9937063655775684,9.177652668712312,27.909373469818956
11.735308889376029,30.54120676473565,0.5860389751772865,0.5469161859233775,0.01370180300674717,11.757208303003823,30.563106178363448
4.44195999264825,34.903368443395415,0.6941810178163009,0.4169528789678364,0.5036342834654328,4.472491484108294,34.933899934855454
8.496907020500483,34.50216946697793,0.8159976710042417,0.24238598981030934,0.17298204841418952,8.534345153682363,34.53960760015981
7.17972253954248,27.257534606609877,0.30026335222633316,0.8808972748351614,0.22836983105082231,7.177864937471263,27.25567700453866
11.067407245024647,25.530890091399026,0.7208524471573767,0.03250907949996584,0.9546714979988911,11.06482864240612,25.5283114887805
4.621177205799176,29.756793531484963,0.5200465001251544,0.6186166927442894,0.3491481042241521,4.637048175098636,29.772664500784423
7.669886095532477,35.79746945882837,0.04351417749540554,0.43873416889300354,0.4855514218136858,7.572462347920859,35.700045711216745
7.230390393583075,32.00377529482479,0.5153563575434987,0.3790013888751268,0.9188018435785048,7.2213618039792875,31.994746705221004
5.894697763943373,32.34317342349842,0.6470891217768229,0.1985109161310472,0.5978647658894692,5.893966679911843,32.342442339466885
10.549297137118671,30.610021651088616,0.9769543143366055,0.11960580992557357,0.08274676623144028,10.606648580978549,30.667373094948495
5.987977520529071,25.023273383730302,0.5479389259695784,0.6940062329505436,0.3791438926769125,6.016965929018042,25.052261792219273
5.802930954666033,32.17473774122572,0.2385338785199267,0.40203003771950585,0.507368380476561,5.74084073414197,32.11264752070166
4.702976980599588,29.282145280145397,0.07996346406974109,0.6783642211517802,0.48561793362967365,4.636806095528715,29.21597439507452
9.330604853852428,31.02718932111923,0.03566151814216878,0.1845278292217285,0.44488281918302663,9.206189940403034,30.90277440766984
11.14712676298408,24.195462926642563,0.29966053149274285,0.10767477979557005,0.3880284629949413,11.067826347262185,24.11616251092067
4.7320922984796345,34.84617294073567,0.35121089533439664,0.7338647829102191,0.452926461385329,4.725720955837536,34.83980159809357
5.385199684778274,26.564368850966098,0.7124267692987651,0.46251757905808655,0.5915642379036891,5.423936796543836,26.60310596273166
9.741311527438206,34.79662595227879,0.10979819804795221,0.8119643879442935,0.29194779132004434,9.694467605842227,34.74978203068281
4.452065211173876,25.117701122669676,0.9819047846568864,0.7377332803036312,0.8799583599202255,4.572219496135617,25.237855407631415
6.8919933067526085,33.663947641927436,0.41175765306905643,0.38004857899305744,0.18585789553653842,6.862349695265725,33.63430403044055
11.513327361335609,34.22547432797223,0.5254108133489943,0.5444229194519583,0.10842092266868797,11.522851815950604,34.234998782587226
7.060022754728551,34.822445957904804,0.8276718426353167,0.9175766889837844,0.9996290426510019,7.167314792153992,34.92973799533024
10.375068553789722,29.850225162620138,0.25490591057781964,0.1029718906806697,0.4332162075122634,10.286346924973353,29.76150353380377
9.099954615619891,24.858290844275185,0.38094030301720005,0.5567787404097612,0.9268068615207455,9.081820550264307,24.840156778919603
7.214436623150416,31.441583124449913,0.3820078560696514,0.6317064075190123,0.595419920208549,7.204008835116247,31.431155336415745
6.76402641277049,34.2390031420201,0.9690917274140022,0.2934535558436093,0.4922168850712758,6.837190113837651,34.31216684308727
9.611672213669117,32.19218912991601,0.6997853283823824,0.7592784424404047,0.800480163692893,9.677557123589635,32.25807403983652
4.501315057551371,25.043000328342142,0.24366845384402247,0.05109970111403028,0.8017446660230084,4.405158718431578,24.94684398922235
11.302189188801748,24.28474098157531,0.5122959628631663,0.7065883225869025,0.7056826823935993,11.32530721363307,24.307859006406634
7.595028751365473,30.05388430797469,0.7154137914718776,0.35633807611451396,0.5399796240503455,7.6237453172713,30.082600873880516
4.268693984866746,29.243572556690587,0.7300152424779637,0.13322759046008115,0.7043039762795966,4.278019792408347,29.252898364232188
5.371802858282856,25.115208126351746,0.32099101667766905,0.3781633100102031,0.7397906567135907,5.32381739261941,25.0672226606883
5.227051231143945,28.11185662686271,0.719014188822491,0.7391173156304809,0.4020203646364058,5.294765800471492,28.179571196190256
7.250336160010009,34.87652326800619,0.23448409591067876,0.7940215192816618,0.08928688731189194,7.226635131120311,34.85282223911649
5.920300285530608,34.37322195104693,0.4590999444871108,0.16653029221167148,0.798727256483522,5.878773303649197,34.33169496916552
9.4884819526454,32.25880366055442,0.47286475767357894,0.3530582754262753,0.20483587107940782,9.468360731722742,32.23868243963176
7.4603483876511705,32.867951446970395,0.7762622108561494,0.6576629165046045,0.6953314674422428,7.531367121472861,32.93897018079208
6.673885335688202,28.6175528371878,0.43890334955284005,0.1798356131713199,0.11941903773013907,6.6296495669159015,28.573317068415502
9.336445228254085,29.270894704609468,0.813257351069744,0.4439734203659329,0.9628569850092317,9.393494040504628,29.32794351686001
5.407913767522166,29.350689352937163,0.06037499868769902,0.3828385734430707,0.1442625688536825,5.308272624604012,29.25104821001901
9.033278904696289,33.585288363981725,0.3112962911551058,0.9757287960603118,0.15984020503005136,9.043111042533342,33.595120501818776
4.442309749744894,30.790089770910583,0.696764014689215,0.7827051304545034,0.13334142878805944,4.5099330657281875,30.857713086893874
7.171973400229605,33.8558746896892,0.5011721859121981,0.2758651085866195,0.1994421633293132,7.1497943482707065,33.83369563773031
9.045985843735185,28.17431926250695,0.006654499947754244,0.5755944915912133,0.31195412868393757,8.954876192883857,28.08320961165562
8.572944212239687,26.33351996754042,0.7097177575471785,0.20939971962252546,0.2621813530619278,8.585827735711375,26.346403491012108
4.077345040526212,35.7882780893097,0.5708528580750302,0.5163182392902994,0.8679509967316434,4.093147436070248,35.804080484853735
10.016020713981376,31.82006931400386,0.17173056508742957,0.6512599993997935,0.2651819663001366,9.965492826938842,31.769541426961325
10.128051183841436,30.279174059442255,0.7186823319061436,0.7881120725587385,0.6963475200029142,10.200598857478537,30.35172173307936
8.125286981732131,29.077573542588798,0.7184798709040757,0.6053017671345631,0.8254392572718428,8.179513132626402,29.131799693483067
8.49205213439928,34.909627362138636,0.19392862949005074,0.3421171860511856,0.6668771949268408,8.415049578902408,34.83262480664176
10.970487229740222,29.227438880011555,0.9297149167013626,0.07649185929513247,0.3165884625276567,11.014079399010008,29.27103104928134
5.016824156559323,24.761696455912787,0.5636114519583253,0.16823017912594784,0.0856555623737787,4.996369464863583,24.741241764217047
8.177948382224546,31.79545666141685,0.2672607754876013,0.9856308056133387,0.06423325754348852,8.1799636178834,31.797471897075702
8.376935848610813,31.82516313942005,0.3933483241653367,0.9949820124018095,0.7645597548731606,8.405103714684062,31.853331005493295
6.1713841928275786,32.609049059724754,0.9199418387926582,0.14500000940895463,0.8469643150339347,6.219872561527006,32.65753742842418
7.716208954176087,25.831495646599954,0.15844334318593412,0.7677024560292462,0.48793281582053216,7.674667868416199,25.789954560840066
5.238865669444482,32.377418684467976,0.8637821305788913,0.6916481311458785,0.09823874852979364,5.330786908674848,32.46933992369834
4.2561834900269675,31.578748857984127,0.6103908973518481,0.9471477755404852,0.3616149412066876,4.322976447051386,31.645541815008546
6.461015132944232,27.953715886238687,0.3903931292400371,0.3580982120930347,0.827676241329539,6.424903580001543,27.917604333295998
5.549995909015667,24.997132672065508,0.947872073881423,0.0643796756528966,0.19176012562429778,5.596008291357241,25.04314505440708
7.478926536449473,28.042672277429695,0.7125401099539614,0.6120840520005566,0.9136930883585426,7.5326429636403205,28.09638870462054
11.003566338739645,27.611742766712933,0.03467172390236917,0.7772512809179516,0.055933779384424454,10.938225811611915,27.546402239585202
5.112513274146249,31.265599935759877,0.15598891301873818,0.049751918052089006,0.2688750551190243,4.998686248555206,31.15177291016883
11.95417703814567,26.4808585100989,0.6015969910394078,0.17149920892692905,0.628420023831542,11.941646357246244,26.468327829199477
4.777712629982145,27.367662564832806,0.3937911538996921,0.0478138588225141,0.32121755039859046,4.711252246644334,27.301202181494997
6.037671172800315,34.1392023993654,0.4496981477353954,0.9049320988001331,0.821973090607153,6.0681040122274075,34.169635238792495
9.684237006222077,31.501717742455256,0.5939722950269543,0.3716216842157636,0.08800117229249316,9.690193633649045,31.507674369882224
9.274380691811196,33.39926344529515,0.8145102049543966,0.5787112074674539,0.7847110298457459,9.34515385354882,33.47003660703277
8.87008519338043,29.375909327549408,0.5766445870041287,0.5953144742699011,0.34757988561306774,8.894945558208246,29.400769692377224
8.308842352658685,25.371979008895224,0.5957807118651264,0.35307938035739606,0.7950437032865457,8.313306433067451,25.376443089303987
10.742120884602963,30.001168171640483,0.5616134481420358,0.6113140669787632,0.4663742831319436,10.765574980929246,30.02462226796677
11.497137193772385,29.2100132306144,0.877129096480286,0.3592785941647989,0.49322799774523995,11.558490872484922,29.27136690932694
7.8717890174526435,33.65108634061741,0.13142657147934267,0.15950994763988469,0.19734636200570355,7.764025326512501,33.543322649677265
5.538116396411824,34.250035660182334,0.13282996532134372,0.9158212813580723,0.4507261898521875,5.5062645176119,34.21818378138241
5.129963116419084,27.740561394354174,0.4353872763328317,0.5997254157979724,0.3142557729679264,5.1270131132654475,27.737611391200534
5.4219179594359845,26.103234207589036,0.220794082980857,0.517178188800267,0.5220449250155785,5.367794594912183,26.049110843065236
4.26543372039463,35.54450229437477,0.8533875310335174,0.0709132499173073,0.15755723810417643,4.293202551593064,35.57227112557321
5.0254302609476404,31.533431727799044,0.32475168491797546,0.1872375293222046,0.5829315818016763,4.959104350863456,31.46710581771486
8.530482259914198,24.795439824769765,0.3368109442248356,0.8230069833509364,0.6885119639197249,8.53014514709426,24.795102711949824
7.484503012422276,28.82018233659996,0.45063558519739677,0.1907254819151455,0.05375001164383697,7.4437026776532695,28.779382001830953
10.293685263724544,29.264772546236422,0.47355904751023936,0.8724601424225431,0.880460694690208,10.325643087468848,29.29673036998072
8.065658824011598,26.03230557072587,0.4694284913615481,0.6562494728096046,0.13534179277848302,8.075169469564868,26.04181621627914
9.512281688654426,24.77766725647983,0.0016055938040445694,0.41229421776207376,0.5631911262064752,9.403832229191442,24.669217797016845
8.690811887559445,35.755861259294775,0.9944964722565545,0.21074496764456807,0.9533089605115944,8.760785678775212,35.82583505051055
6.335910199872541,29.043710004821335,0.35480055275832945,0.6352558657303843,0.26462683864939907,6.320395896997246,29.02819570194604
6.1467921155934455,34.19050817145157,0.6075433882816411,0.3379426969275481,0.2833439912826752,6.152095062942529,34.19581111880065
11.109657913031585,28.511592936046117,0.3462757081322484,0.7847563349082797,0.4066164890323075,11.107388688148863,28.509323711163397
8.930422348307392,34.333275660431745,0.6587080484781646,0.8206117189770687,0.7151985891995813,8.994225129900732,34.39707844202509
6.987584059282335,27.450969841700154,0.5126256174063978,0.8326385214776453,0.9846221742503358,7.023373034911379,27.4867588173292
6.707367173011575,24.24579397800036,0.3359199484325819,0.0621899990321777,0.82554934327524,6.630770162601309,24.169196967590096
7.927500199610966,31.01270896035914,0.6144129713523342,0.07250054750393098,0.09655803696367204,7.907632848631826,30.99284160938
8.756339968673622,30.408174575926914,0.33261599283751075,0.1571619696362242,0.7219511673504606,8.688579364204747,30.340413971458037
10.855832299630393,32.899759966661705,0.9758181406617471,0.5140192482200089,0.44534299937513844,10.952397852584744,32.99632551961605
5.646026628082678,28.468020244233557,0.5218352252421928,0.3080119966844931,0.18913208574547635,5.631194872799567,28.453188488950445
4.7965450591630585,33.741710400679395,0.2552960204664614,0.8537138542564865,0.6000951943641596,4.782975648681999,33.728140990198334
9.513451242634142,34.06910444848768,0.6865476528607788,0.9683187120390462,0.10828075285542227,9.597592644410202,34.153245850263744
4.57460892808637,26.860093193069385,0.762286138751956,0.9787691245381981,0.6477715804352469,4.674943068290581,26.960427333273596
7.453510693668496,27.934180113244224,0.16932774089170421,0.5759153256933108,0.13306588378502548,7.394967774416168,27.875637193991896
4.3182232230637485,33.87951823592836,0.9548105437878779,0.018640573216304523,0.4423481101003288,4.361049389142955,33.92234440200756
6.823982479567384,30.478928828604012,0.10658651318100443,0.9451370392243341,0.6259535083280293,6.789813486126018,30.444759835162646
7.448592998282148,34.96628965925363,0.35471637364957975,0.040168656852088036,0.37409233567946265,7.3735531386972735,34.89124979966876
11.704656593915272,30.829707200744096,0.8982904729504784,0.9665661178973076,0.4459229338624777,11.830971300295099,30.956021907123922
7.0996266088055995,35.384969640911926,0.5494969877675095,0.783643922998453,0.5095454012035279,7.137890398658946,35.42323343076527
6.9996457655613895,27.504082815563997,0.7538458827440235,0.6104781819492464,0.6005540639940266,7.061462760305119,27.565899810307727
10.655953936401314,35.25515124397609,0.12575939856332152,0.7418019477967538,0.677776968586951,10.605286010893655,35.20448331846843
8.525695113274644,28.260631475228237,0.28801653883985223,0.3454018257058197,0.31749457282610927,8.467838603613195,28.202774965566793
4.565402360806179,24.59920283687319,0.09467433057330077,0.8512292288742511,0.6469633326816101,4.519460149808265,24.553260625875275
8.215916963841764,26.9222901379963,0.6878161232588781,0.5313280629582593,0.7239592149250028,8.256612994789364,26.962986168943903
11.377529633271346,31.71007196126129,0.5953233648127202,0.19413909437778942,0.9884470879243816,11.36600821567167,31.69855054366161
7.576196045439486,26.745713261882997,0.18353048576673048,0.05452060518891588,0.3806499505996682,7.468354203111724,26.637871419555236
6.401011098561411,28.424276489322228,0.8002337902077223,0.9156659252526376,0.585038929720998,6.50262444912822,28.525889839889036
11.577020662183394,28.093442172586983,0.5426327149243202,0.8375614946726112,0.19046679419213208,11.619303354635518,28.13572486503911
9.6068240159156,27.40517847036907,0.5638107688567979,0.2247993525179529,0.19035647576109938,9.592066104938757,27.390420559392222
4.036701564902415,24.033502943838748,0.927727975775364,0.020452809099628433,0.047353683145922254,4.074292440967451,24.071093819903783
10.838210538192913,31.401359497532418,0.6927518860109949,0.7674924470961042,0.2651404910434507,10.903510160104721,31.466659119444227
5.148392152978103,32.71545784585322,0.9465061107384642,0.07452560408785192,0.024595259490117094,5.1951459355345815,32.762211628409695
4.940532963647607,35.96057266672484,0.5887575415300466,0.10344421463507003,0.32473411026273225,4.918628893417123,35.93866859649436
11.711745187553593,34.02264429770289,0.21844739199651364,0.43184539271416345,0.665358507845991,11.648619205224312,33.95951831537361
5.022081821028709,34.26401149418224,0.9626535446989029,0.194060441230543,0.14165739351472872,5.084018574091544,34.32594824724508
5.078155073094746,26.602938553497577,0.663955295387268,0.3978351530904971,0.22339647220937564,5.100729647481249,26.62551312788408
5.383771558320063,29.147609719548534,0.7938174121710829,0.32587256552282173,0.5496572401403651,5.4251222973065625,29.188960458535032
5.273629979885479,25.200004474030067,0.2059491435703238,0.9169120279091549,0.08723439672964872,5.25651101139046,25.182885505535047
9.748870495513255,25.104180688317122,0.026990612859055796,0.014959862965336024,0.27998473665655865,9.6057646043816,24.961074797185464
11.206558907451885,27.463179902886957,0.17646497058268262,0.5439999356335978,0.8815282744932345,11.146251895131781,27.402872890566854
4.541375823082217,31.5411465008498,0.5522566065848594,0.5297899842998168,0.3002922954473719,4.554806142829171,31.55457682059675
9.816767284098386,31.973464735085273,0.6282309121928576,0.2894870003996448,0.4713983685700397,9.821362166576922,31.978059617563808
9.884478883869608,34.44920617991701,0.17311925987377974,0.6424599771217739,0.7703056271870196,9.83334873355654,34.39807602960395
9.88287130131991,24.48348313611577,0.9636496906864136,0.30784426842987245,0.5603346213998645,9.956385666300179,24.55699750109604
8.970865186100834,31.62071182396552,0.7398684403874891,0.9628881839061163,0.4255286675021197,9.065127692568943,31.71497433043363
8.257647640085153,30.126116662016702,0.6102263360993158,0.5604294457633043,0.6077325309432029,8.285735851881347,30.154204873812894
6.983338560810875,29.043712584282254,0.18329199558390574,0.3355139545732675,0.5984045579592006,6.903548355384983,28.96392237885636
9.5905336595128,30.583817065949233,0.3659444480960169,0.2541471887820227,0.5874464542158068,9.539137268010206,30.532420674446637
5.705794899288963,24.55230848622509,0.8164859022417681,0.566607796409529,0.045143187944444496,5.77575285937827,24.6222664463144
8.192718114518692,34.194951824308845,0.5912437990776805,0.45642922136374564,0.6891182263874699,8.206609796470604,34.208843506260756
9.610129943058608,31.251987722819806,0.5170096755363391,0.7737450298600053,0.09824391958767897,9.640906381151877,31.28276416091307
11.512655000400708,34.883168315421045,0.2312098766283659,0.2431705423611321,0.8762208150827276,11.433214029962494,34.803727344982825
8.16243471079545,29.397575256393623,0.8372952710301056,0.2848088436201619,0.4331261303535733,8.208374649363487,29.443515194961662
9.829492327793242,33.96763533546355,0.5500026930634379,0.2402936470767193,0.5636986946992579,9.813522231113602,33.95166523878391
9.53832368503675,33.31123241729499,0.9358935386210863,0.08727859163205132,0.9203989205060037,9.584230251924172,33.35713898418241
11.24041377595351,34.84046274807501,0.6172995312874895,0.30175642405588576,0.8935134784455943,11.244049324616597,34.8440982967381
11.857104459819636,26.89258834505189,0.6987249657479425,0.958132844030581,0.21382526366237475,11.942662737372283,26.978146622604537
6.451866228487085,34.48231422809526,0.8960818778727158,0.6749168805648426,0.30654915481969136,6.548574292118112,34.57902229172629
9.139365063023902,25.695486781964075,0.92298470428858,0.6230196202773578,0.4222375571522402,9.236263965909355,25.792385684849524
10.983343777053795,31.580693766891372,0.5224802673192844,0.5915647658803089,0.5390787162492467,10.996996307105682,31.59434629694326
10.848893176111089,24.711023861783247,0.3781221984458303,0.9454674528763215,0.6215449854869252,10.869064361087888,24.731195046760046
10.096567790222139,33.92402512027044,0.0697197844205828,0.3915896016890993,0.5002803989074234,9.999670707275165,33.82712803732347
5.556079734386192,31.53991787860623,0.32653695492358403,0.42102122957293564,0.9055303590668271,5.513489248328202,31.49732739254824
10.848318186474202,33.9621744429145,0.9033562644700032,0.0381441907542962,0.6340143656228754,10.882803858443634,33.99666011488393
5.409473635398235,32.590631145783675,0.3113738061020024,0.28857956252465733,0.4376723277440612,5.3506063528711,32.53176386325654
8.941814348559552,29.801073710939697,0.4980519303386629,0.38929709281265823,0.9283425917974211,8.93035444390855,29.789613806288695
4.625871425054222,25.29031471305812,0.05761819309293936,0.14975168476902667,0.6917692081466058,4.502370232149713,25.16681352015361
7.059426858120526,30.735979478220806,0.09303665710202647,0.6145293691458222,0.9283465549486369,6.989487126455514,30.666039746555793
4.674844856839862,29.648520456491667,0.4840826676170692,0.20943488774363728,0.5234759598405169,4.6426048791376395,29.616280478789445
8.106458056481477,29.55131480167836,0.1888489868844937,0.8392859863185008,0.29682921252657535,8.078156452490225,29.523013197687106
10.186856733884147,31.606916606606482,0.7558215844375862,0.16973708257548104,0.29088162927885375,10.204994759029212,31.62505463175155
10.773197664633662,29.699699544661623,0.6180879934047822,0.7101278253972748,0.9370434520591032,10.817828045854347,29.744329925882308
10.353912166355894,30.26771105916731,0.6207531599932054,0.12270642109310137,0.7863412164307895,10.340333440463844,30.254132333275262
7.047969483603227,34.59120361803767,0.5991865498344976,0.8362896276085572,0.4476802800543781,7.101435756330982,34.64466989076543
6.118185063892377,26.382824936631994,0.09383933700573932,0.7599527292529409,0.5720872176836386,6.062948204218819,26.327588076958435
5.475697492840759,24.66868679978047,0.05013292173459616,0.22291252849187104,0.39946223313618445,5.358015330036865,24.551004636976575
9.887967193442496,31.175377354237582,0.9699919917985064,0.8702147801040074,0.07612912514807679,10.018987069812598,31.306397230607686
5.277343344966698,24.69686028560681,0.501013201754383,0.10728600874483818,0.6105360525057658,5.238274586192059,24.65779152683217
4.556684308708496,34.362021693513185,0.14967324730676257,0.17976207388989296,0.31918686462889223,4.454595165558838,34.25993255036352
6.009463951154297,34.28086360453011,0.404628942101495,0.2917545876428228,0.5179496597088611,5.969565198338878,34.24096485171469
5.731744796292906,26.984285841460732,0.4399231108800843,0.8513926934419124,0.2549527451701873,5.754868687813114,27.007409732980943
9.559689977961254,32.53186010424779,0.43063094208933694,0.9208757793032091,0.4864507708221397,9.587903744309441,32.56007387059598
10.503789627829295,28.067205749283843,0.12851479975090074,0.10984898983502478,0.838302109764675,10.390477486762979,27.953893608217523
9.173056777267051,28.59439530273555,0.7726520694218504,0.04017169688094846,0.7872911728611663,9.181604360839517,28.602942886308014
10.935695901757985,30.95029606513695,0.9547619695917573,0.016323524735635253,0.18653791695645128,10.9782806481499,30.992880811528863
8.937480626116823,28.251967499476823,0.25439662215719383,0.8659358822065272,0.22053585101068118,8.924953538768914,28.239440412128918
10.48480968413715,34.592401486928125,0.9048173507958776,0.8197781187285387,0.40263522776302163,10.597750966169182,34.70534276896016
9.798056007226524,34.11832653221819,0.8938183587693583,0.1912803106785369,0.36630821721853246,9.84594771004825,34.16621823503991
5.9804328692843765,35.000095935808815,0.42779407267344804,0.19945055472547157,0.28624744099806065,5.935936739291614,34.95559980581606
5.07483470012439,32.2008984402314,0.6841453899118204,0.015879534295738407,0.2780917597828272,5.063251731536327,32.18931547164333
10.746134165760063,34.56800699901254,0.4315210452355931,0.7345834218308671,0.7468437894003023,10.755896716990268,34.57776955024274
4.134187197781884,28.412040665263476,0.21044090471593235,0.1528055583858663,0.5464649246389842,4.041555934563657,28.31940940204525
5.620716352716223,31.000226804530385,0.2384157202481958,0.21473474573028617,0.27866618348278005,5.539872971338891,30.91938342315305
10.395574274557251,29.003148265261938,0.7421479688860398,0.19871073413269302,0.5581196102103446,10.413874941747729,29.021448932452415
7.359675087488301,35.02441225846967,0.5969848765468053,0.8896360020044359,0.4814575627818706,7.418035662998106,35.082772833979476
5.873110389626904,33.1993820879036,0.4706804098330719,0.8848237091611147,0.5582569315008435,5.905728842509629,33.23200054078633
8.531423528356452,34.447927142611604,0.13117949088976733,0.30893086981833673,0.8135304652302423,8.438552513516239,34.35505612777139
11.27291922400051,25.07316795620643,0.31780978174139407,0.9475188031826767,0.43749380608406496,11.281233060667057,25.081481792872975
7.743818399282302,29.98420526997844,0.23415332977786385,0.40058484838275576,0.1266790344917763,7.680707550076151,29.921094420772288
7.505740488213787,29.173670477427283,0.18348264570927664,0.6786676001510585,0.07396670556623464,7.460303777370748,29.128233766584245
10.171667949821316,25.953953850445085,0.2693603585184683,0.23382096744048253,0.1774834806349569,10.098922118269059,25.881208018892824
10.560377753154468,24.88626072544462,0.003420446350595019,0.39497711230565713,0.2247859440313975,10.450559553655152,24.776442525945306
7.489808177252247,34.47359568421023,0.3394915606551836,0.06043590337825255,0.48293332407352085,7.413750079721108,34.39753758667909
11.463150245784167,30.900151130222227,0.8218341100240392,0.2926458917336079,0.3096257437429525,11.506781656962335,30.943782541400395
6.328234282413758,28.013224874507266,0.1782815911556116,0.20067211300088528,0.5035993801958721,6.233957811944969,27.918948404038474
9.558771851592034,33.38283506163249,0.034093359427255554,0.707464218776468,0.198476360948052,9.486336945355132,33.31040015539559
4.408973845556721,29.55975516475641,0.2333235845616639,0.3804100310349273,0.6607368250390668,4.343679565572546,29.494460884772238
6.771205817352073,26.88125953178127,0.05213115439737237,0.5246615280131984,0.2251596939189794,6.684098201032868,26.794151915462063
4.992309357651158,32.74678583561501,0.05344882915890392,0.8785771340277725,0.32225483664378385,4.940856836885716,32.69533331484957
4.7035220891332346,26.182191422585152,0.7693101891479663,0.5155133712651649,0.581154079619984,4.758935464089344,26.237604797541263
9.077416359432505,28.079117202298455,0.9483448730166327,0.5471865893219697,0.864840770503728,9.171803992968027,28.17350483583398
11.629398430704912,31.554944075551745,0.6856500778835922,0.07934029862129677,0.7824082937484136,11.62446247614376,31.550008120990594
4.108551087656892,35.229632502634885,0.3183952609594388,0.24931632861064268,0.9295846101864116,4.047161772709845,35.168243187687835
7.055644410345457,29.743436792226397,0.6443656051253854,0.8631199020145591,0.25748473942061145,7.12082952157199,29.80862190345293
4.699078761716374,24.1437642350407,0.6133181485795546,0.5337439348118198,0.20621099096657092,4.7251167849134665,24.16980225823779
6.6147494226162395,25.19404302939737,0.9321865733636449,0.07222306537346046,0.5444248026081974,6.658409043826315,25.237702650607446
7.48843615025847,34.91879946005937,0.5978096210180368,0.9895562095313806,0.9476331978818067,7.556953695415215,34.98731700521611
9.119392737739293,26.74032933679211,0.3764724351025929,0.9232449833889271,0.4491937112904566,9.137011723098704,26.757948322151524
8.876244790620959,33.75725725964273,0.13073990745889996,0.19684631529312746,0.3958525543857476,8.772077403642053,33.65308987266382
9.872314427818647,25.16191489557093,0.4023401223975428,0.06355687890125228,0.5129656317363396,9.809138140188281,25.098738607940565
6.57327011786661,25.242443564987223,0.8177244856885523,0.1564754787455912,0.9127858099369968,6.602462562878879,25.271636009999494
7.49454030346066,32.682694086948985,0.44477764077457105,0.9450635871092068,0.793001157934198,7.528002190326495,32.716155973814814
9.929412860739447,26.377667776980914,0.2552745685361604,0.3236390916274088,0.7196819794841087,9.86283168360942,26.311086599850885
4.148885444667863,29.984161362727107,0.5906717039895639,0.37456446485882466,0.6815912708790346,4.154476231951659,29.989752150010904
7.027427594076483,35.10385951870218,0.22546492520922812,0.25204471204901613,0.33537007890484083,6.94772505032323,35.02415697494893
10.013895743787021,32.54703115945334,0.5426862511085999,0.10672056045158296,0.503600693326077,9.983105050053899,32.516240465720216
6.410774708113708,24.504611097578987,0.20200260831032757,0.7217338897574402,0.630046569756753,6.373348618751518,24.4671850082168
4.580647593716841,29.799152188915414,0.8828607567027532,0.9209574699750033,0.6543358307945584,4.699315492054891,29.917820087253464
8.188797875203905,25.424629960987122,0.2788412528633888,0.3034244411358117,0.0821462825001179,8.124908569890165,25.360740655673382
8.033287002726958,34.763656501083716,0.41805006532954647,0.24020181184029288,0.6037178050899957,7.990917196976897,34.72128669533365
9.042961433585573,24.03538415481942,0.3220668910196678,0.8802617204857227,0.33433124351842525,9.04540098383808,24.037823705071922
10.308743067579982,32.61207553982929,0.6738114527431129,0.3773529688466043,0.581828599173938,10.331240655013264,32.63457312726257
10.532945650185539,33.46041293136582,0.5810748738592336,0.40594483792248437,0.4498097576646477,10.539755108749635,33.46722238992992
10.403544083003137,29.099120683218374,0.9566541473555147,0.5662867094694373,0.17318835816338862,10.501503583421183,29.197080183636423
5.918913527904437,35.473778308319694,0.6320743307009511,0.12080065840036502,0.6455898900238458,5.907408459884665,35.46227324029992
10.409075353193087,26.846180141442794,0.023153229887174054,0.30992710306004523,0.2046910176180794,10.294698709476526,26.731803497726233
4.7116811471646765,27.44982747386705,0.11978658855171986,0.043218591803490414,0.27164930931739517,4.58996032405537,27.328106650757743
7.270111896720219,33.79938066117213,0.5419309462015124,0.7150573839055002,0.23098669113596315,7.300003824351071,33.829272588802986
9.204825832152501,26.4384297736023,0.4266022092384192,0.9509766967777873,0.9943874645800648,9.235243943677963,26.468847885127765
10.971808465855268,34.851647434857426,0.7714019512666352,0.974045343920021,0.08489525855224977,11.073493390500598,34.95333235950275
4.993781972585978,25.0824202431732,0.8767001672318829,0.7737677495458641,0.5182505178085883,5.096498780986941,25.185137051574163
4.636853182451934,31.96353923740127,0.42121312865856586,0.4950822122583749,0.02946907394855447,4.620604029409484,31.947290084358823
4.568321828286405,32.308817540908265,0.8087084250612919,0.18819551411829016,0.23393902063738503,4.598883064710492,32.33937877733235
5.536210522837706,33.558611714104835,0.5671788969096707,0.9935801366260761,0.2994423488333714,5.599004315882248,33.621405507149376
8.803928760627809,28.56053323814051,0.1831712102705103,0.6782123613596356,0.4319383688962902,8.758384238817875,28.514988716330574
4.706413900655721,35.426918928187845,0.6239008036476738,0.9244045429051063,0.7924872710916083,4.7736345156757665,35.49413954320789
6.9313902658430075,29.70764159480254,0.21896244752928973,0.773701555462955,0.7479634954900063,6.902552910895161,29.678804239854692
10.33916691230649,34.940941255903255,0.28787578041721196,0.31890561977068965,0.8251198951925915,10.278632630367001,34.880406973963765
7.786279462270147,35.36318247036963,0.7272199906593484,0.5620666726054641,0.9476032437476648,7.837930127662562,35.41483313576205
5.103828132739015,34.94538366533722,0.3530387575348425,0.7238541486578564,0.9241353661783174,5.09682129911177,34.938376831709974
8.344507087895257,31.254726264107585,0.9726538518079941,0.10974897234910685,0.06853334906926156,8.400012755491767,31.310231931704095
9.239200084492811,25.79345506626504,0.24309809901400614,0.7649578120907847,0.7820424430399836,9.214315485504692,25.76857046727692
7.78182265692836,35.45356634675966,0.43446544900156203,0.11529563965837253,0.7026495921952018,7.730245310694509,35.40198900052581
7.494408450483075,26.352741010410334,0.3299523970417133,0.5498640388008827,0.48756110018863097,7.465385333771506,26.323717893698767
4.266680347233491,27.095020697374103,0.10211317107182394,0.9302755810762295,0.44189517116045285,4.2301305395554785,27.058470889696093
7.091785893087057,32.45069117815943,0.06658628803692324,0.45018481873578,0.6315544670740715,7.00012163256802,32.35902691764039
10.424181046483564,27.067534495504457,0.03827708812829533,0.6601758168971601,0.08621281453663876,10.34785404579894,26.991207494819832
4.48016581569331,33.109078177049625,0.6577060297924937,0.6715542437277467,0.034922098008059455,4.528862446024584,33.157774807380896
11.077369441769825,30.120918044014985,0.7949011514409243,0.8112602147995601,0.6885406336203526,11.167475693537966,30.211024295783126
6.343683687819856,32.809848839636224,0.19917352152718215,0.6299517728206282,0.3874913066091753,6.296513569407355,32.76267872122372
9.638081111797376,25.611781766045425,0.7469618873463185,0.0436837968446413,0.4367202503777201,9.641841868951104,25.615542523199153
6.9768796857155575,31.157985470966384,0.9120638853606365,0.48706931515941,0.10638182640357163,7.057999394303626,31.239105179554453
7.5785522547489315,30.915675484274775,0.7133750674272621,0.25866535357113674,0.8893305022793881,7.597093803591498,30.934217033117342
5.603585733871923,35.16334829357395,0.5592835144186528,0.11842732556784086,0.8439307365164563,5.577285169312438,35.13704772901446
10.006831197974687,34.45492374551075,0.1060310738147563,0.44437122174925403,0.08491416526781725,9.922474534912565,34.37056708244862
9.920766218238807,33.904414540865886,0.8423204219304494,0.05869490179383419,0.6018853407274587,9.94509979280428,33.92874811543136
9.616886332034152,35.05345310089818,0.6314730852813951,0.6494628048678907,0.5352991733086763,9.658127229577222,35.09469399844125
6.510533538793572,31.698934564822363,0.7379589983534842,0.8918006504082685,0.2880470748630015,6.5973054035050955,31.78570642953389
9.104215563564235,32.01699645040072,0.7042100246412072,0.6087084074918326,0.9220507532799942,9.15592840924166,32.06870929607815
8.581489176725238,31.71042167538146,0.7399550344554177,0.597275951206486,0.2920284457177732,8.63920777873697,31.768140277393194
8.979767476084083,29.105825624776095,0.6768448982322104,0.6213420787891543,0.28207298017419435,9.02727066360944,29.153328812301453
5.594095303523485,31.45098322569041,0.10291157133706597,0.7478632735198751,0.004999944183306071,5.539463945142886,31.39635186730981
5.6299507680548215,34.21214526333298,0.5316475802208678,0.06312670580874047,0.7055580521823827,5.592592954679869,34.174787449958025
10.12998303698321,30.76571036715191,0.20799277763859558,0.8638070594005727,0.4344735386199038,10.107962298450987,30.743689628619688
11.595767913921389,29.824617657088147,0.9699352579633508,0.3158210314274801,0.20863532268540808,11.671337068656806,29.900186811823566
5.822491771591974,27.958055686363537,0.4229449131455668,0.9670400761329792,0.5999065592402437,5.853784761834385,27.989348676605946
9.885691980208989,29.43804735186845,0.1511463023627535,0.5910654427691171,0.1964720315125289,9.825027784958452,29.37738315661791
6.422739089516801,32.160816023804735,0.5979090924686963,0.5589930273735436,0.21548057116031905,6.448220210747895,32.18629714503583
10.701732055323966,25.34621470842536,0.02105141924941034,0.3846527603308372,0.9074219199990443,10.594407615206931,25.238890268308324
11.85828812579992,31.194034506735292,0.9619762356146063,0.3807848759345699,0.5652081444562416,11.938761860516298,31.274508241451674
4.711632169727914,25.90412806855085,0.15603587719281342,0.7893714659418872,0.10014554008212828,4.6717764917606655,25.8642723905836
4.675858138890734,24.97424964851909,0.8461703672237024,0.10275074799975348,0.93129081523091,4.70536728713545,25.003758796763808
10.95991697575968,25.93081364192892,0.10520274543034003,0.9566973972264325,0.6034194781220034,10.926627264568392,25.897523930737634
8.595511436523783,32.38566887896839,0.48032503012416117,0.1869905282776939,0.8947562102439744,8.560275495376384,32.35043293782099
8.24692455111952,29.765945574546862,0.8168366738344386,0.04091867259278259,0.11151021607615497,8.264383753145685,29.78340477657303
8.196787025351487,26.913819015445196,0.22332725182345248,0.7817958147144514,0.9912802902996638,8.169632057187622,26.886664047281332
7.5506276315223575,30.35483660812644,0.21038305377691646,0.06807516050801166,0.8321716360037779,7.449511758328542,30.253720734932624
5.4992813695722935,29.547252280916638,0.3591421543067209,0.042170737822160076,0.6902564646252752,5.425326874215854,29.4732977855602
6.232995456621357,31.399601673582588,0.39091380048120317,0.37965490027330506,0.7517683367309551,6.199143706744928,31.36574992370616
5.488925857361916,25.971485962305717,0.7170113683212258,0.32510879044507934,0.14881422073032569,5.514839010070669,25.99739911501447
5.722627361428469,26.758480379709663,0.7646158349104771,0.580045946367364,0.3660164739800498,5.7835551230473,26.819408141328495
11.26635843985729,35.22564625941795,0.9835480463496384,0.554713521995817,0.09305774556430979,11.3685394013268,35.327827220887464
9.453169822803849,25.416592519165786,0.76948264829302,0.9532441578091636,0.4033508545237352,9.552390768243368,25.51581346460531
8.128218013546327,29.576179706896333,0.41383054708942324,0.228752675138846,0.16948469452857795,8.083859390478096,29.531821083828103
7.884553365057732,28.740172634081407,0.3107769791077618,0.7042274659691008,0.3507292500384588,7.867131507476195,28.72275077649987
5.413605282968537,35.04910875167617,0.3248198271439282,0.2845395233648099,0.8217172993734286,5.357023200733804,34.99252666944144
5.864192556302059,26.45393427122704,0.60197194765711,0.9606819126822082,0.06835692240870517,5.930655137101701,26.520396852026686
4.523397924608189,29.597079323709238,0.5153505177360337,0.6440068267932546,0.4993899510489139,4.540868710834721,29.61455010993577
7.542205891155287,26.787836397992354,0.5735960283001985,0.5669299347532436,0.26224673141427124,7.563618090290651,26.809248597127716
5.750482678383086,34.570622585239306,0.4190737694560335,0.4402107274815985,0.7546768520419577,5.728318505022452,34.54845841187868
9.326206305474336,26.005939808379814,0.029190728031010638,0.3255637223465917,0.30564287615609353,9.214600823315198,25.894334326220676
11.113335363817846,33.399566781546426,0.994341735194979,0.04580622326339856,0.7688284001311092,11.166784333183182,33.45301575091176
6.615845130147294,26.62116430753035,0.5516808567488555,0.0944946034341474,0.7689600893062728,6.585630761840481,26.590949939223535
5.171750837552425,28.97405134929406,0.5789530633374974,0.07504075490932405,0.14527524532434533,5.145045525710858,28.94734603745249
4.691181609418761,25.468874042544975,0.443430421284964,0.7028026028085058,0.3619591190700101,4.700147953956605,25.477840387082818
4.908164156305259,28.59501004077613,0.6659018422625821,0.07844315048252859,0.9356311383955944,4.899188839806028,28.5860347242769
9.559012736777603,33.65264351830095,0.7332334182269009,0.5682227205299111,0.09454615308521985,9.612481692475974,33.70611247399932
7.699154448927322,30.388104365157805,0.7889440214996873,0.08038119980042191,0.3667477881052097,7.714981373207301,30.403931289437786
8.233284004163085,33.783317144721806,0.061178816935894775,0.00984327624296566,0.39706106673755803,8.09650409517456,33.646537235733284
7.672096437091051,32.39164027633275,0.11207220437754395,0.16454061883709292,0.7525592278518111,7.560964939850269,32.28050877909197
10.318784602882449,30.8321015785357,0.6854985675440548,0.5173553911467534,0.8534375983600666,10.357619855505934,30.870936831159188
4.298792846720544,25.928796939470825,0.6107402748463826,0.04440725106654364,0.30379380272309264,4.2753816267964755,25.905385719546754
9.506127466969398,29.091255536040677,0.6944257000046539,0.748960406017392,0.9283234803198904,9.569908647572067,29.155036716643348
7.983140398880267,31.6821871810927,0.28991819548254893,0.3271102456842455,0.6865973122297988,7.923835062545201,31.622881844757636
4.840664927873419,24.079103335731325,0.005901990446978145,0.5465056468450349,0.20461525243114964,4.746495890647318,23.984934298505223
6.704812631603774,30.826433675305978,0.17172809080949036,0.40019246936505837,0.6096086061435974,6.629177496702178,30.750798540404382
9.166202875951157,27.58627311707543,0.9264665743292895,0.2610738108828655,0.706982525161401,9.227603571905302,27.647673813029574
8.876523273790642,35.62962896245182,0.8467148265840991,0.13169845376154066,0.9690500790876068,8.909036084483615,35.662141773144796
10.987906925377914,35.05928066548907,0.3781937741533752,0.3397262561122282,0.18513482820365146,10.947518305819811,35.01889204593097
4.995405169169956,32.06194948003593,0.7922994095097519,0.9558946504017732,0.6558306655687902,5.099454516112084,32.16599882697806
10.967569982974,25.966429353035377,0.2284749529395944,0.3171487521712745,0.6426224777695264,10.894979848779046,25.893839218840426
6.511932684773111,25.96635786906774,0.756560358586376,0.11078205645505734,0.1541834175257677,6.524322962135892,25.978748146430522
10.31292383975631,28.966927822228612,0.738550754890514,0.045857792526547536,0.6984241663268498,10.315219769987069,28.969223752459367
8.891253749466095,25.79848838660088,0.547532458541848,0.5971476977623787,0.2282343690312868,8.910475010950703,25.817709648085486
9.853747855770647,34.14752212487928,0.5366607999844436,0.2605289320846005,0.19609983848634116,9.837132908975995,34.130907178084634
7.18628414313704,35.109110553290336,0.17512530578276786,0.652616413581071,0.7962136144363021,7.1365708456517,35.059397255804996
8.212685961310854,25.666326111814975,0.42079838953022763,0.6889401470564289,0.9133976762317427,8.215739653922542,25.669379804426665
6.388288512747358,32.9281129222734,0.4226877845147381,0.4442896877638267,0.9726403110357735,6.367255038426688,32.90707944795273
7.7057267449903435,32.50416726345059,0.5987134687353677,0.2535622585118672,0.21156243225803062,7.700825664588604,32.49926618304885
6.567527902247144,29.05733494793474,0.55756550263881,0.47198842773431515,0.47609559588594297,6.576239845548337,29.066046891235935
8.876941244053267,33.403391547147194,0.6275590626978865,0.8372117409068882,0.5258157628739059,8.936174230683532,33.46262453377746
8.792163601706573,33.328379597448574,0.7678220459784719,0.8119490399351813,0.23606629814548508,8.876922914895784,33.413138910637784
7.031926820888779,33.07029425236938,0.3307302342545063,0.8096349853384921,0.47858693252872686,7.029036366273529,33.06740379775413
4.992859334315277,35.82928710293559,0.752779239081899,0.5262661531230544,0.459050634682194,5.046041797443962,35.88246956606427
7.6071167386754714,29.961834869926307,0.28292850993252383,0.66800497284365,0.006936372816709335,7.580502937946341,29.935221069197176
10.353021281642787,24.036208852806567,0.36220132390922233,0.7360234826790962,0.7354024030065539,10.349063894692542,24.032251465856323
4.20036867507054,24.099105689194186,0.8825302836289438,0.10450780452547159,0.2740922316769434,4.2373255122488755,24.136062526372523
7.3806227964810756,33.597161540191124,0.8657788074802689,0.22567119051597828,0.5186125454213193,7.426345677028727,33.642884420738774
10.212119899983739,29.545767668677613,0.7822664414134473,0.8717136062184913,0.8931918839979908,10.305744548888278,29.63939231758215
8.309131829398707,33.35382742415113,0.8774146185784504,0.9134488663713923,0.7918225291612938,8.425959639751536,33.47065523450396
4.159541183237232,31.47087395500961,0.9221054572232881,0.7166618679224738,0.7504892911314025,4.2656284614741375,31.576961233246514
8.658221254146222,35.12517211658321,0.796853204543184,0.9921959935495606,0.5246382380718443,8.766811494409815,35.2337623568468
6.450892711280579,34.344622900712366,0.984510193690923,0.17040029613960483,0.8610489269334141,6.514834779632723,34.408564969064514
7.7546380124991945,32.15370933903885,0.006826707299862678,0.6951388201253015,0.5737960353743262,7.675517235971697,32.07458856251135
8.902110050925437,24.638624593594777,0.037374998938456305,0.33661250781919816,0.7316793055653485,8.793246301495047,24.52976084416439
8.091853258506067,30.68616635701926,0.5162553695405022,0.9207653167520096,0.44663225004311324,8.137180864089368,30.73149396260256
6.479842664628954,35.90318020877245,0.7036528803329717,0.41858537706776167,0.6358145708929508,6.512431778402325,35.935769322545816
6.167572653538207,25.865740823187835,0.04537925980749835,0.7780489666871886,0.10897394169519203,6.104453402168426,25.802621571818054
10.13958525359061,33.07406544634452,0.29644301955421015,0.8303561353978136,0.9284744219646911,10.131909471041233,33.06638966379514
8.782216050851563,28.780423786054843,0.7102027111708362,0.1091541265681123,0.1988513862208391,8.785172005742542,28.783379740945822
8.816514492144393,26.24874124426781,0.7905042996936948,0.9929280846757037,0.9707886601650912,8.9239081605507,26.35613491267412
5.748954445232981,24.75413286985714,0.9831331959519206,0.7126751282109046,0.2514371861195023,5.866848597244455,24.872027021868615
9.892250973414969,29.026086059857985,0.6986789177885999,0.6196957985048964,0.7778599738682008,9.94395633682318,29.077791423266195
9.437247904807792,26.7280542759666,0.7632235183236309,0.7104260705408807,0.7189275482797486,9.510935215526606,26.801741586685413
4.996563571093941,30.646552758786584,0.4626099607943074,0.7136666805875308,0.6257336594598253,5.010452231311556,30.660441419004197
7.0473536679513185,35.577214159896215,0.6464100409516896,0.11283349548721255,0.20089539013052216,7.037919025690377,35.56777951763527
11.116275621633388,28.41967132112083,0.6225692677606924,0.37907760261089674,0.4280020907285149,11.128697235446616,28.43209293493406
6.377207125129273,24.96108639825627,0.09279690139046637,0.5127721419596579,0.7783605242309756,6.297043719603332,24.88092299273033
7.081831083840079,29.358472115853967,0.08184292497700163,0.07166019019155312,0.8951634630314974,6.955365687854634,29.232006719868522
7.271148383011302,26.683695952607902,0.23453528479201668,0.644061154099807,0.026592634372096025,7.232461555379686,26.645009124976283
10.71788298835251,25.032810192197786,0.009954178338689057,0.8176597022380157,0.22662131735101498,10.65163979424405,24.966566998089327
8.609537411920723,26.872361362724995,0.9655289833744437,0.10068967331217371,0.9211174865062675,8.66271217592683,26.9255361267311
11.31617616559112,31.553952861350815,0.5578451036357662,0.16504279552994028,0.7236742374025203,11.294249465871268,31.532026161630963
7.671109059909319,33.87412627250518,0.1184293162800456,0.11631307777667299,0.6304500263399998,7.556426230942995,33.759443443538856
6.907225622995952,30.1766408284685,0.2317564675971956,0.4540051070110761,0.219173920119192,6.848977427216498,30.118392632689044
6.9475723333878046,29.991710364596827,0.2921799087578012,0.22764630342129932,0.947561087165378,6.878772945481495,29.922910976690517
6.727983459404573,32.69403283764304,0.40029354969874476,0.5681635518213198,0.3792869730742203,6.714858524526455,32.68090790276492
5.830949529250729,26.551527235508367,0.9374508569465705,0.732137267009653,0.6857150843492302,5.941653427341008,26.662231133598645
11.769370977109329,31.493684555323732,0.6181548142995495,0.14710867947810113,0.49250683312395027,11.757712807917049,31.482026386131455
4.527592908747509,31.796797527679715,0.7698123585873784,0.006502070867270726,0.2935562500361706,4.5322055875517115,31.80141020648392
11.581997628679996,25.33926767442334,0.783999805468052,0.20927778671984032,0.376057898198333,11.60972536844559,25.366995414188935
4.4241912230066385,32.91126703921921,0.5350234990174739,0.09908878431150914,0.889484292098773,4.391104801241283,32.87818061745386
11.943656013766073,27.892593460373423,0.9045921158229824,0.5250689609587962,0.6386668262949231,12.027081333026551,27.9760187796339
7.912438651105838,30.30117141119733,0.6012779155420899,0.7645633410514374,0.8460728338960625,7.959150568319401,30.347883328410894
5.301874254659871,35.336585946775386,0.4111279064426957,0.2060203380436516,0.6868535002258997,5.2547018697527745,35.289413561868294
4.144282324094766,27.92655858078553,0.028635929358258205,0.7252298849817407,0.959892125784458,4.072532498464592,27.854808755155357
11.011298215740249,25.155650543654613,0.06991414819689701,0.36184285634850344,0.16187759765500076,10.91146533101448,25.05581765892884
7.571319472342056,24.92642331971132,0.23006279391315143,0.8726870860054082,0.0825254168378845,7.5546007397252275,24.909704587094488
11.50734824662859,27.306706119337356,0.21936552002151877,0.24124246610140898,0.06050039327225998,11.425345597243034,27.224703469951802
4.017285920502428,26.13116541050752,0.4864178317629134,0.20594077050972426,0.7280026826636188,3.9851635639059837,26.099043053911075
9.301522021617139,24.359358958606546,0.9539576896213736,0.09910787592263037,0.3279728892965208,9.352224347133676,24.410061284123085
9.643013355204882,24.29212756689791,0.9104141190359407,0.5883621137749555,0.48679526707833753,9.733932390389565,24.383046602082594
6.356844551302771,30.70064838384532,0.3882027332802539,0.10124119655747565,0.7651934758663116,6.29460921761457,30.63841305015712
4.32860081903694,28.810112151599345,0.8947103441133527,0.40553525040437033,0.0484539070268688,4.398096412900048,28.87960774546245
10.872459980388971,29.671368591290882,0.49843918093164397,0.5560313426350163,0.9243815217280225,10.877750950838802,29.676659561740713
9.5220234038877,31.00585994940024,0.5417380026197958,0.793030359506182,0.8293398153978974,9.559674040362278,31.043510585874817
7.059911114363323,24.519881821362944,0.8207087289273476,0.6784630233148972,0.049041156997135404,7.141899162480282,24.601869869479902
6.193388614614387,29.41728437279752,0.4663463038398211,0.7110760659398843,0.15312488716803985,6.207765481976339,29.431661240159475
11.569067757355754,27.031391773774807,0.4209205484933761,0.6178184731998675,0.5229128586931578,11.565033714374417,27.02735773079347
11.07573636308015,26.69981662176654,0.5442106869293003,0.2821631271752769,0.4014077716483515,11.062794813183539,26.686875071869927
9.566077380216372,29.479376313452534,0.6911826806842263,0.029020457086294527,0.27827728358128967,9.557215962061846,29.47051489529801
4.2142194955816885,27.53970571498866,0.6532179192089144,0.5039504251837634,0.6186467149214501,4.2452581219418475,27.57074434134882
9.48708846753353,34.520661580483726,0.8739005743221612,0.4423408825733721,0.6866456168879891,9.5561026706553,34.58967578360549
9.285521400608447,35.991203127484376,0.45962046060062767,0.9415957781840928,0.425044985508091,9.321605070546982,36.02728679742291
9.801790948663932,35.92529702279725,0.45587295867201627,0.8964857961029422,0.8656449134779557,9.832614120008628,35.95612019414195
10.392731248918217,25.352887604560255,0.856934627351284,0.6943162468319214,0.14941700655105705,10.483549799071666,25.443706154713706
8.082389960404829,32.62972192587267,0.8457854143743537,0.08079549461641289,0.58499545448669,8.109626592741341,32.65695855820919
8.085364940237925,31.379020499176427,0.4824164962116585,0.22138980969131317,0.8384428109805281,8.053987220449388,31.34764277938789
11.752003589047362,29.97840336935052,0.4029220320231752,0.09325968429584941,0.20758999502663278,11.691913963881582,29.91831374418474
7.607681426728325,26.11908555085668,0.4670022923358691,0.5728605503470259,0.5386907746169095,7.608367940230202,26.119772064358557
5.074641348807077,33.923768142789065,0.10693104342629312,0.3811968028032199,0.639064918982422,4.984147237772658,33.83327403175464
4.004402559317464,26.062970811665824,0.8048315535482429,0.3126120887361701,0.8631018316210294,4.04663007890073,26.105198331249092
6.878319024744053,28.77624812917502,0.5588453744098767,0.3692368007458414,0.42108371497996566,6.877011779700613,28.774940884131578
9.436570534445217,29.91606999512443,0.7251386790636747,0.9754950906620435,0.0470600812348011,9.529147779324155,30.00864724000337
11.234900405794559,35.00314762559115,0.6432152480656425,0.515672363834755,0.6235500751065264,11.265110691791163,35.03335791158775
8.454053727243396,30.417456070696698,0.31047551472719026,0.8513088821913222,0.3261831424489885,8.451279718407967,30.414682061861267
9.060953453823128,27.573578534482863,0.5153090685480954,0.6278377304062217,0.3903013402526744,9.07679904057337,27.5894241212331
6.92943650784192,29.046343697197187,0.8044740391216388,0.10587972239968801,0.607345979567988,6.950919287906216,29.067826477261484
9.137686712736926,34.165659241197105,0.1526964274883128,0.20010170162939644,0.9607864427528169,9.038236168397528,34.06620869685771
8.53004796424744,24.515800704044796,0.25882982706796565,0.554299472449495,0.6390112664267823,8.487243876905982,24.472996616703337
5.401623420240955,27.337293383999427,0.905724733472224,0.6847258629820906,0.5538117875509649,5.501240953233609,27.43691091699208
9.927496700185532,24.981214040157873,0.8815078454258118,0.1642748175779042,0.5554857202242324,9.970225751028485,25.023943091000827
6.857632477064456,25.52796798147506,0.528685413417121,0.4562608656472219,0.14025291797345196,6.858995646312603,25.52933115072321
6.866842057863449,30.624913524230788,0.4782526634602261,0.14597996007012926,0.7177706318695654,6.827090586562508,30.585162052929846
4.990922958674406,34.68220901049766,0.3234565463647928,0.21003036960393817,0.6282911218940526,4.926617304907758,34.61790335673101
9.052016918651073,33.637662295879835,0.17697361548657764,0.808494243378703,0.14225607748607905,9.018261066086259,33.603906443315026
8.66308789834142,29.021424534113695,0.9606163959854361,0.29286368066119983,0.08265924478527942,8.734497545604627,29.0928341813769
8.624391101113698,32.26861251489379,0.09266037981917086,0.8163473654308033,0.06111587184399381,8.574557913620612,32.2187793274007
11.83571888339906,25.03438371919635,0.030838809484975305,0.24765543720912464,0.01347703418654489,11.716652189016969,24.915317024814257
8.899086463913697,27.583314687145023,0.28692542524981723,0.8948787073322967,0.6800203446112288,8.89595941969689,27.580187642928216
8.376732101732262,28.59523864654881,0.4922783301175251,0.044608131045162924,0.7661341954885631,8.329648580860283,28.548155125676836
6.8556130090424325,35.14920820269841,0.7025612162711696,0.0621187808692194,0.8668773254100635,6.852337130383589,35.14593232403956
11.774286855126455,31.692592199008704,0.13651625700340098,0.7838149985391331,0.18967377922512885,11.729971606381048,31.6482769502633
5.251801027319845,35.13803543193835,0.6882026770567952,0.5883974620147107,0.4335509547947659,5.298281308932676,35.18451571355118
6.736645272237432,27.304169550614105,0.7665947953382892,0.10191955270878039,0.20317440905087414,6.7501561865759685,27.31768046495264
10.663581160352276,27.35517515254883,0.847805974896521,0.20524336859733072,0.5418131811948371,10.703666692191312,27.395260684387868
11.140572323704989,26.035448970560576,0.45007331291326225,0.33693786000171766,0.2724701766572474,11.114280772287813,26.0091574191434
5.9826442543815554,25.267356442897153,0.5256411004727428,0.6182587382047748,0.6949666387799716,5.999598348296582,25.28431053681218
11.80102979616887,27.764198085641983,0.7782617570420021,0.32441050769554725,0.2807231500536259,11.839123198346826,27.80229148781994
11.879665507979073,28.39763299118775,0.9439509295092272,0.5813872115723211,0.39484119718265986,11.976594415038152,28.494561898246825
5.994826822736146,25.925207254456726,0.7226533386694723,0.34633051002429316,0.06212335624522358,6.02399054147247,25.95437097319305
11.480406676970187,30.350266494189178,0.8029189875815576,0.7243578751171337,0.20703606014171538,11.563426261998211,30.433286079217204
8.261035366405522,29.968002891536436,0.8042342740807227,0.10012014016807114,0.41672527499868894,8.281894235238473,29.98886176036939
7.2575721581845904,35.08837274797884,0.7376364526984854,0.1831200976566545,0.5252160935029464,7.273411458489953,35.104212048284204
9.115424023920369,28.416998202686727,0.68922655154019,0.11333150158690375,0.1385738304967412,9.114602484387097,28.416176663153458
6.287328688456982,35.245652379272414,0.022118957590021138,0.6501655696205647,0.5786862544032461,6.206769036937042,35.16509272775248
4.871829361303577,31.54722137917186,0.9247229581814812,0.24873355891906468,0.3151167131803375,4.9316473088317805,31.60703932670006
9.08227099266294,33.66040198481718,0.7690768096522748,0.10773005050372186,0.8151933420260449,9.096859359643767,33.674990351798
9.05875101356433,34.8468291158741,0.13262175537964005,0.9747434425757507,0.017109525902732958,9.032749708897832,34.8208278112076
10.566138392903504,25.751516773610323,0.9880989344601327,0.8871405770794093,0.38783697624462554,10.702472237503471,25.88785061821029
10.115359370804732,26.99574339633255,0.4822021834334931,0.6673617113118426,0.2532000249878017,10.128535978622615,27.008920004150433
4.6382072142606585,26.849814314394216,0.6554747682000138,0.26476752699806017,0.9600036757754734,4.645778920600468,26.857386020734026
4.901372489898427,27.00097381871143,0.47500233468340836,0.4661738642066857,0.8300636518251363,4.892990343255777,26.99259167206878
5.88344115767246,27.617543252442193,0.06985809321299308,0.697534390212306,0.5208815664540287,5.8171662153362895,27.55126831010602
5.403917091496447,25.746367433017845,0.9884716651873642,0.8199947606898084,0.2946167731873911,5.5336109006029,25.8760612421243
10.083638321860095,34.153592109299865,0.25149044647489127,0.5097362676630987,0.7631682196362347,10.034910037921383,34.10486382536115
8.583344983259007,35.42994228601454,0.44873586151161915,0.9891238788764667,0.9116403738237324,8.622004543448977,35.46860184620451
9.700738046824485,27.6204172863116,0.4263424256764481,0.17347934552847777,0.5115023385885914,9.653354466512623,27.573033705999737
7.402000947187287,33.53971820941769,0.9396285857720075,0.3783807997096751,0.6286068708135799,7.4777647443126565,33.61548200654306
4.689423657323621,24.046734301709794,0.724598325754296,0.7362551676398013,0.40035874155954587,4.75796883923846,24.115279483624636
8.904257030708356,29.73637515409529,0.6514704911430408,0.07578201361278392,0.6709735866020117,8.892129330298243,29.724247453685177
5.1149455676880775,31.57190731151215,0.5824574605223346,0.646021642723376,0.5632497574628951,5.146039224064882,31.603000967888953
5.3020253149911385,33.53457276741284,0.34557705419532325,0.2903053365919732,0.027795761971771027,5.2501712594894006,33.482718711911104
11.3957531746113,27.114472433787643,0.4067497184028338,0.07138133276007308,0.4257264432139264,11.334241251567875,27.052960510744217
7.825352610372733,28.870477505231158,0.8257169938273511,0.18842784795574252,0.4743972738189116,7.8593387939337775,28.9044636887922
5.36498405620755,35.68096900418592,0.2869536933684026,0.9948527529686942,0.7735328484648684,5.3718600701781005,35.687845018156466
5.00860470820432,25.442812072081097,0.22888786467323186,0.6388458049368202,0.5977674360084658,4.968266861632648,25.402474225509422
8.803779627250604,33.624012723675484,0.31401063408993213,0.5711263843135993,0.917321397694891,8.773694392499952,33.59392748892483
8.20825424724389,30.22705954113785,0.24052625789168547,0.7025928135285877,0.9359616732880852,8.176618780175085,30.19542407406905
8.151991020320436,34.27688569573026,0.7410293568170586,0.9061407837471374,0.6276062566548423,8.240810970058561,34.36570564546839
11.953137259491456,32.963944197087805,0.6416970242735597,0.3231720512956675,0.6646430589547889,11.963793869475735,32.974600807072086
7.3954123638906974,26.402689183379675,0.3639292466076771,0.5052913153326677,0.8165512905841625,7.3687273447455,26.376004164234477
8.638347871253696,34.164790761171545,0.2908784687174971,0.8206487116793864,0.2970825442588789,8.628588436165133,34.155031326082984
6.970975906006235,35.28198603170887,0.5552223071443878,0.7339509310917749,0.07259137416844175,7.005415460544289,35.31642558624693
6.043197820613753,24.105745499022007,0.08728974950964952,0.24104875089284594,0.697497125371748,5.9347606456049675,23.997308324013222
11.670701032181853,27.485897544611564,0.9353214392637578,0.19993890195899944,0.49137585506196524,11.727759210230504,27.542955722660217
6.888874160259503,32.726954396514444,0.47491408256597833,0.7473235226440476,0.5704839386129965,6.908589329037103,32.746669565292045
8.924455616540975,26.642651118800067,0.28837114653799845,0.9118076786093237,0.14068893688580264,8.923310613709507,26.6415061159686
7.620813485218111,34.29718435360569,0.7287897615313068,0.16014030898901177,0.6803879503247499,7.632585468423274,34.30895633681085
4.4307971262881445,35.05632813584499,0.9706238979077962,0.22271703497003004,0.6547943464280541,4.497193609366707,35.122724618923556
10.787621517870544,30.266949529048468,0.5835400222901431,0.9380596058847862,0.09686366761626342,10.848135482917051,30.327463494094975
5.001593982782182,32.77481573052257,0.6433166325020514,0.33708232869811816,0.2788318854632329,5.013965542152404,32.787187289892785
5.054652002359883,35.67166643401809,0.7428690836194783,0.2410024578968757,0.2940164573330126,5.077326064873466,35.69434049653167
9.802949352581077,35.09890352308639,0.5796784465144199,0.5086716307283681,0.22119955562790683,9.819752204956798,35.11570637546212
9.868221376078704,31.94503741884034,0.47840597427819764,0.5027127043946087,0.04175757344837383,9.864173841373805,31.94098988413544
8.187590865769096,31.504520699948618,0.7996836757263497,0.29274100651008717,0.0976722180965296,8.226801701565375,31.543731535744897
4.438319977079298,30.874375106288554,0.3165705507447204,0.8574447093500016,0.19614813579479262,4.437378558163243,30.873433687372497
4.709155392922653,26.690503663149126,0.8015954774278009,0.7907181550600504,0.5125335443991952,4.798546303914218,26.77989457414069
6.760124189915114,30.368666783020913,0.3225125669857485,0.22262401634246365,0.5573853052239625,6.696889104946511,30.30543169805231
9.498894191372615,33.07659775272471,0.7021531357058044,0.795132661712189,0.48802013127178134,9.568838084684995,33.14654164603709
4.649835537515294,32.7960899981379,0.35668144551401926,0.12263356270439651,0.5808065522444188,4.583435182888538,32.72968964351114
5.330584735931794,34.70362533449534,0.9557367624543929,0.4540078857144768,0.05220106666704383,5.41713287699412,34.790173475557665
5.325246626955698,24.77339072054729,0.8143512844414018,0.4139047846987761,0.5671961612380039,5.3795073623138565,24.82765145590545
11.794002329286297,31.59308022144729,0.1811544009741345,0.14446485527699715,0.013650681191778258,11.694679695008825,31.493757587169817
4.162753194045802,32.60704793997881,0.5795605331690316,0.10495201318834901,0.9916495131097516,4.139160501998443,32.583455247931454
8.793893985790987,32.89390106489586,0.41807077715526375,0.14839819301695034,0.08717485196580899,8.742347960523734,32.84235503962861
5.7323191492105385,30.952908572896096,0.131186423411227,0.9562192506469389,0.6253278330851788,5.704178358957478,30.924767782643034
10.287549004261269,29.032493269642657,0.24205329299862155,0.13400021188697453,0.8371149914235309,10.199359684049691,28.944303949431077
9.082330493808017,34.403606767252455,0.003323442603961446,0.5625983712844879,0.8516909151885157,8.989255019457259,34.31053129290169
9.653885622922488,28.778188997655533,0.36802766696326006,0.1959739101925203,0.74657297580607,9.597088547334392,28.72139192206744
